{"cameraMode":{"drawMode":0,"name":"Shaded","section":"Shading Mode"},"sceneLighting":true,"audioPlay":false,"sceneViewState":{"showFog":true,"showMaterialUpdate":false,"showSkybox":true,"showFlares":true,"showImageEffects":true,"showParticleSystems":true},"in2DMode":false,"pivot":{"x":579.9509887695313,"y":143.44482421875,"z":-863.0525512695313},"rotation":{"x":0.2064913660287857,"y":-0.7863895893096924,"z":0.34778910875320437,"w":0.46690332889556887},"size":0.9599100947380066,"orthographic":false}